{
  "$schema": "https://json.schemastore.org/staticwebapp.config.json",
  "navigationFallback": {
    "rewrite": "/index.html",
    "exclude": [
      "/assets/*",
      "/*.ico",
      "/*.png",
      "/*.jpg",
      "/*.svg",
      "/*.woff2",
      "/config.json"
    ]
  },
  "routes": [
    {
      "route": "/api/*",
      "allowedRoles": ["anonymous", "authenticated"]
    }
  ],
  "responseOverrides": {
    "404": {
      "rewrite": "/index.html"
    }
  },
  "globalHeaders": {
    "X-Content-Type-Options": "nosniff",
    "X-Frame-Options": "DENY",
    "X-XSS-Protection": "1; mode=block",
    "Referrer-Policy": "strict-origin-when-cross-origin",
    "Permissions-Policy": "camera=(), microphone=(), geolocation=()"
  },
  "mimeTypes": {
    ".json": "application/json",
    ".woff2": "font/woff2"
  }
}
